Id,OrderId,ProductId,Quantity,UnitPrice
1,1,1,5,1100.00
2,1,10,2,2200.00
3,2,3,7,1500.00
4,2,2,1,600.00
5,3,11,1,700.00
6,4,12,20,800.00
7,5,13,1,100.00
8,6,14,1,1200.00
9,7,16,1,500.00
10,8,4,1,400.00
11,9,5,1,200.00
12,10,9,6,1100.00
13,11,2,2,2200.00
14,12,11,3,700.00
15,13,8,3,600.00
16,13,12,2,800.00
17,14,12,4,800.00
18,14,13,1,100.00
19,15,5,1,200.00
20,16,6,2,500.00
21,17,7,1,400.00
22,18,8,1,600.00
23,19,9,1,1100.00
24,20,10,1,2200.00
25,21,11,10,700.00
26,22,12,1,800.00
27,23,13,1,100.00
28,24,13,2,800.00
29,24,14,1,1200.00
30,25,14,2,1200.00
31,26,8,2,600.00
32,27,7,2,400.00
33,27,6,2,200.00
34,28,1,2,1100.00
35,28,2,2,2200.00
36,29,3,2,1500.00
37,29,7,2,600.00
38,29,8,2,600.00
39,30,16,1,500.00
40,30,11,10,700.00
